<?xml version="1.0" encoding="UTF-8"?>
<GenRun Id="impl_1" LaunchPart="xc7a100tcsg324-1" LaunchTime="1750755065">
  <File Type="BITSTR-BMM" Name="Top_Multiplier_bd.bmm"/>
  <File Type="OPT-METHODOLOGY-DRC" Name="Top_Multiplier_methodology_drc_opted.rpt"/>
  <File Type="INIT-TIMING" Name="Top_Multiplier_timing_summary_init.rpt"/>
  <File Type="ROUTE-PWR" Name="Top_Multiplier_power_routed.rpt"/>
  <File Type="PA-TCL" Name="Top_Multiplier.tcl"/>
  <File Type="OPT-TIMING" Name="Top_Multiplier_timing_summary_opted.rpt"/>
  <File Type="OPT-DCP" Name="Top_Multiplier_opt.dcp"/>
  <File Type="ROUTE-PWR-SUM" Name="Top_Multiplier_power_summary_routed.pb"/>
  <File Type="REPORTS-TCL" Name="Top_Multiplier_reports.tcl"/>
  <File Type="OPT-DRC" Name="Top_Multiplier_drc_opted.rpt"/>
  <File Type="OPT-HWDEF" Name="Top_Multiplier.hwdef"/>
  <File Type="PWROPT-DCP" Name="Top_Multiplier_pwropt.dcp"/>
  <File Type="PWROPT-DRC" Name="Top_Multiplier_drc_pwropted.rpt"/>
  <File Type="PWROPT-TIMING" Name="Top_Multiplier_timing_summary_pwropted.rpt"/>
  <File Type="PLACE-DCP" Name="Top_Multiplier_placed.dcp"/>
  <File Type="PLACE-IO" Name="Top_Multiplier_io_placed.rpt"/>
  <File Type="PLACE-CLK" Name="Top_Multiplier_clock_utilization_placed.rpt"/>
  <File Type="PLACE-UTIL" Name="Top_Multiplier_utilization_placed.rpt"/>
  <File Type="PLACE-UTIL-PB" Name="Top_Multiplier_utilization_placed.pb"/>
  <File Type="PLACE-CTRL" Name="Top_Multiplier_control_sets_placed.rpt"/>
  <File Type="PLACE-SIMILARITY" Name="Top_Multiplier_incremental_reuse_placed.rpt"/>
  <File Type="PLACE-PRE-SIMILARITY" Name="Top_Multiplier_incremental_reuse_pre_placed.rpt"/>
  <File Type="BG-BGN" Name="Top_Multiplier.bgn"/>
  <File Type="PLACE-TIMING" Name="Top_Multiplier_timing_summary_placed.rpt"/>
  <File Type="POSTPLACE-PWROPT-DCP" Name="Top_Multiplier_postplace_pwropt.dcp"/>
  <File Type="BG-BIN" Name="Top_Multiplier.bin"/>
  <File Type="POSTPLACE-PWROPT-TIMING" Name="Top_Multiplier_timing_summary_postplace_pwropted.rpt"/>
  <File Type="PHYSOPT-DCP" Name="Top_Multiplier_physopt.dcp"/>
  <File Type="PHYSOPT-DRC" Name="Top_Multiplier_drc_physopted.rpt"/>
  <File Type="BITSTR-MSK" Name="Top_Multiplier.msk"/>
  <File Type="PHYSOPT-TIMING" Name="Top_Multiplier_timing_summary_physopted.rpt"/>
  <File Type="ROUTE-ERROR-DCP" Name="Top_Multiplier_routed_error.dcp"/>
  <File Type="ROUTE-DCP" Name="Top_Multiplier_routed.dcp"/>
  <File Type="ROUTE-BLACKBOX-DCP" Name="Top_Multiplier_routed_bb.dcp"/>
  <File Type="ROUTE-DRC" Name="Top_Multiplier_drc_routed.rpt"/>
  <File Type="ROUTE-DRC-PB" Name="Top_Multiplier_drc_routed.pb"/>
  <File Type="BITSTR-LTX" Name="debug_nets.ltx"/>
  <File Type="BITSTR-LTX" Name="Top_Multiplier.ltx"/>
  <File Type="ROUTE-DRC-RPX" Name="Top_Multiplier_drc_routed.rpx"/>
  <File Type="BITSTR-MMI" Name="Top_Multiplier.mmi"/>
  <File Type="ROUTE-METHODOLOGY-DRC" Name="Top_Multiplier_methodology_drc_routed.rpt"/>
  <File Type="ROUTE-METHODOLOGY-DRC-RPX" Name="Top_Multiplier_methodology_drc_routed.rpx"/>
  <File Type="BITSTR-SYSDEF" Name="Top_Multiplier.sysdef"/>
  <File Type="ROUTE-METHODOLOGY-DRC-PB" Name="Top_Multiplier_methodology_drc_routed.pb"/>
  <File Type="ROUTE-PWR-RPX" Name="Top_Multiplier_power_routed.rpx"/>
  <File Type="ROUTE-STATUS" Name="Top_Multiplier_route_status.rpt"/>
  <File Type="ROUTE-STATUS-PB" Name="Top_Multiplier_route_status.pb"/>
  <File Type="ROUTE-TIMINGSUMMARY" Name="Top_Multiplier_timing_summary_routed.rpt"/>
  <File Type="ROUTE-TIMING-PB" Name="Top_Multiplier_timing_summary_routed.pb"/>
  <File Type="ROUTE-TIMING-RPX" Name="Top_Multiplier_timing_summary_routed.rpx"/>
  <File Type="ROUTE-SIMILARITY" Name="Top_Multiplier_incremental_reuse_routed.rpt"/>
  <File Type="ROUTE-CLK" Name="Top_Multiplier_clock_utilization_routed.rpt"/>
  <File Type="ROUTE-BUS-SKEW" Name="Top_Multiplier_bus_skew_routed.rpt"/>
  <File Type="ROUTE-BUS-SKEW-PB" Name="Top_Multiplier_bus_skew_routed.pb"/>
  <File Type="ROUTE-BUS-SKEW-RPX" Name="Top_Multiplier_bus_skew_routed.rpx"/>
  <File Type="POSTROUTE-PHYSOPT-DCP" Name="Top_Multiplier_postroute_physopt.dcp"/>
  <File Type="POSTROUTE-PHYSOPT-BLACKBOX-DCP" Name="Top_Multiplier_postroute_physopt_bb.dcp"/>
  <File Type="POSTROUTE-PHYSOPT-TIMING" Name="Top_Multiplier_timing_summary_postroute_physopted.rpt"/>
  <File Type="POSTROUTE-PHYSOPT-TIMING-PB" Name="Top_Multiplier_timing_summary_postroute_physopted.pb"/>
  <File Type="POSTROUTE-PHYSOPT-TIMING-RPX" Name="Top_Multiplier_timing_summary_postroute_physopted.rpx"/>
  <File Type="POSTROUTE-PHYSOPT-BUS-SKEW" Name="Top_Multiplier_bus_skew_postroute_physopted.rpt"/>
  <File Type="POSTROUTE-PHYSOPT-BUS-SKEW-PB" Name="Top_Multiplier_bus_skew_postroute_physopted.pb"/>
  <File Type="BG-BIT" Name="Top_Multiplier.bit"/>
  <File Type="POSTROUTE-PHYSOPT-BUS-SKEW-RPX" Name="Top_Multiplier_bus_skew_postroute_physopted.rpx"/>
  <File Type="BITSTR-RBT" Name="Top_Multiplier.rbt"/>
  <File Type="BITSTR-NKY" Name="Top_Multiplier.nky"/>
  <File Type="BG-DRC" Name="Top_Multiplier.drc"/>
  <File Type="RDI-RDI" Name="Top_Multiplier.vdi"/>
  <File Type="WBT-USG" Name="usage_statistics_webtalk.html"/>
  <FileSet Name="sources" Type="DesignSrcs" RelSrcDir="$PSRCDIR/sources_1">
    <Filter Type="Srcs"/>
    <File Path="$PSRCDIR/sources_1/new/Ctrlpath_Multiplier.sv">
      <FileInfo>
        <Attr Name="UsedIn" Val="synthesis"/>
        <Attr Name="UsedIn" Val="implementation"/>
        <Attr Name="UsedIn" Val="simulation"/>
      </FileInfo>
    </File>
    <File Path="$PSRCDIR/sources_1/new/Datapath_Multiplier.sv">
      <FileInfo>
        <Attr Name="UsedIn" Val="synthesis"/>
        <Attr Name="UsedIn" Val="implementation"/>
        <Attr Name="UsedIn" Val="simulation"/>
      </FileInfo>
    </File>
    <File Path="$PSRCDIR/sources_1/new/Top_Multiplier.sv">
      <FileInfo>
        <Attr Name="UsedIn" Val="synthesis"/>
        <Attr Name="UsedIn" Val="implementation"/>
        <Attr Name="UsedIn" Val="simulation"/>
      </FileInfo>
    </File>
    <File Path="$PSRCDIR/sources_1/new/Div_Ctrlpath.sv">
      <FileInfo>
        <Attr Name="AutoDisabled" Val="1"/>
        <Attr Name="UsedIn" Val="synthesis"/>
        <Attr Name="UsedIn" Val="implementation"/>
        <Attr Name="UsedIn" Val="simulation"/>
      </FileInfo>
    </File>
    <File Path="$PSRCDIR/sources_1/new/Div_Datapath.sv">
      <FileInfo>
        <Attr Name="AutoDisabled" Val="1"/>
        <Attr Name="UsedIn" Val="synthesis"/>
        <Attr Name="UsedIn" Val="implementation"/>
        <Attr Name="UsedIn" Val="simulation"/>
      </FileInfo>
    </File>
    <File Path="$PSRCDIR/sources_1/new/Top_Divider.sv">
      <FileInfo>
        <Attr Name="AutoDisabled" Val="1"/>
        <Attr Name="UsedIn" Val="synthesis"/>
        <Attr Name="UsedIn" Val="implementation"/>
        <Attr Name="UsedIn" Val="simulation"/>
      </FileInfo>
    </File>
    <File Path="$PSRCDIR/sources_1/imports/new/Clk_Div.sv">
      <FileInfo>
        <Attr Name="AutoDisabled" Val="1"/>
        <Attr Name="ImportPath" Val="$PPRDIR/../../Fawad_NCDC/DLD/Lab_02/Task_02/Task_02.srcs/sources_1/new/Clk_Div.sv"/>
        <Attr Name="ImportTime" Val="1742455452"/>
        <Attr Name="UsedIn" Val="synthesis"/>
        <Attr Name="UsedIn" Val="implementation"/>
        <Attr Name="UsedIn" Val="simulation"/>
      </FileInfo>
    </File>
    <File Path="$PSRCDIR/sources_1/new/baud_gen.sv">
      <FileInfo>
        <Attr Name="UserDisabled" Val="1"/>
        <Attr Name="ImportPath" Val="$PPRDIR/../../../../Downloads/UART_FINAL/DLD/Lab_04/Lab_04/Lab_04.srcs/sources_1/new/baud_gen.sv"/>
        <Attr Name="ImportTime" Val="1746699431"/>
        <Attr Name="UsedIn" Val="synthesis"/>
        <Attr Name="UsedIn" Val="implementation"/>
        <Attr Name="UsedIn" Val="simulation"/>
      </FileInfo>
    </File>
    <File Path="$PSRCDIR/sources_1/new/uart.sv">
      <FileInfo>
        <Attr Name="UserDisabled" Val="1"/>
        <Attr Name="ImportPath" Val="$PPRDIR/../../../../Downloads/UART_FINAL/DLD/Lab_04/Lab_04/Lab_04.srcs/sources_1/new/uart.sv"/>
        <Attr Name="ImportTime" Val="1746699549"/>
        <Attr Name="UsedIn" Val="synthesis"/>
        <Attr Name="UsedIn" Val="implementation"/>
        <Attr Name="UsedIn" Val="simulation"/>
      </FileInfo>
    </File>
    <File Path="$PSRCDIR/sources_1/new/uart_rx.sv">
      <FileInfo>
        <Attr Name="UserDisabled" Val="1"/>
        <Attr Name="ImportPath" Val="$PPRDIR/../../../../Downloads/UART_FINAL/DLD/Lab_04/Lab_04/Lab_04.srcs/sources_1/new/uart_rx.sv"/>
        <Attr Name="ImportTime" Val="1748502701"/>
        <Attr Name="UsedIn" Val="synthesis"/>
        <Attr Name="UsedIn" Val="implementation"/>
        <Attr Name="UsedIn" Val="simulation"/>
      </FileInfo>
    </File>
    <File Path="$PSRCDIR/sources_1/new/uart_tx.sv">
      <FileInfo>
        <Attr Name="UserDisabled" Val="1"/>
        <Attr Name="ImportPath" Val="$PPRDIR/../../../../Downloads/UART_FINAL/DLD/Lab_04/Lab_04/Lab_04.srcs/sources_1/new/uart_tx.sv"/>
        <Attr Name="ImportTime" Val="1746699466"/>
        <Attr Name="UsedIn" Val="synthesis"/>
        <Attr Name="UsedIn" Val="implementation"/>
        <Attr Name="UsedIn" Val="simulation"/>
      </FileInfo>
    </File>
    <File Path="$PSRCDIR/sources_1/imports/new/Top_Module.sv">
      <FileInfo>
        <Attr Name="UserDisabled" Val="1"/>
        <Attr Name="ImportPath" Val="$PPRDIR/../Lab_03/Lab_03.srcs/sources_1/new/Top_Module.sv"/>
        <Attr Name="ImportTime" Val="1750672486"/>
        <Attr Name="UsedIn" Val="synthesis"/>
        <Attr Name="UsedIn" Val="implementation"/>
        <Attr Name="UsedIn" Val="simulation"/>
      </FileInfo>
    </File>
    <File Path="$PSRCDIR/sources_1/imports/new/uart_32bit.sv">
      <FileInfo>
        <Attr Name="UserDisabled" Val="1"/>
        <Attr Name="ImportPath" Val="$PPRDIR/../Lab_03/Lab_03.srcs/sources_1/new/uart_32bit.sv"/>
        <Attr Name="ImportTime" Val="1750230682"/>
        <Attr Name="UsedIn" Val="synthesis"/>
        <Attr Name="UsedIn" Val="implementation"/>
        <Attr Name="UsedIn" Val="simulation"/>
      </FileInfo>
    </File>
    <File Path="$PSRCDIR/sources_1/new/Shift_Add_Multi4B.sv">
      <FileInfo>
        <Attr Name="UserDisabled" Val="1"/>
        <Attr Name="UsedIn" Val="synthesis"/>
        <Attr Name="UsedIn" Val="implementation"/>
        <Attr Name="UsedIn" Val="simulation"/>
      </FileInfo>
    </File>
    <Config>
      <Option Name="DesignMode" Val="RTL"/>
      <Option Name="TopModule" Val="Top_Multiplier"/>
    </Config>
  </FileSet>
  <FileSet Name="constrs_in" Type="Constrs" RelSrcDir="$PSRCDIR/constrs_1">
    <Filter Type="Constrs"/>
    <File Path="$PSRCDIR/constrs_1/new/Mult.xdc">
      <FileInfo>
        <Attr Name="UsedIn" Val="synthesis"/>
        <Attr Name="UsedIn" Val="implementation"/>
      </FileInfo>
    </File>
    <File Path="$PSRCDIR/constrs_1/new/Div.xdc">
      <FileInfo>
        <Attr Name="UsedIn" Val="synthesis"/>
        <Attr Name="UsedIn" Val="implementation"/>
      </FileInfo>
    </File>
    <Config>
      <Option Name="TargetConstrsFile" Val="$PSRCDIR/constrs_1/new/Mult.xdc"/>
      <Option Name="ConstrsType" Val="XDC"/>
    </Config>
  </FileSet>
  <FileSet Name="utils" Type="Utils" RelSrcDir="$PSRCDIR/utils_1">
    <Filter Type="Utils"/>
    <Config>
      <Option Name="TopAutoSet" Val="TRUE"/>
    </Config>
  </FileSet>
  <Strategy Version="1" Minor="2">
    <StratHandle Name="Vivado Implementation Defaults" Flow="Vivado Implementation 2019"/>
    <Step Id="init_design"/>
    <Step Id="opt_design"/>
    <Step Id="power_opt_design"/>
    <Step Id="place_design"/>
    <Step Id="post_place_power_opt_design"/>
    <Step Id="phys_opt_design"/>
    <Step Id="route_design"/>
    <Step Id="post_route_phys_opt_design"/>
    <Step Id="write_bitstream"/>
  </Strategy>
</GenRun>
